index,location,income,vehicles
0,"POLYGON ((-82.98293662201793 40.04063166941581, -82.98288662201793 40.04073166941581, -82.98278662201793 40.04073166941581, -82.98273662201792 40.04063166941581, -82.98278662201793 40.040531669415806, -82.98288662201793 40.040531669415806, -82.98293662201793 40.04063166941581))",16000,2
1,"POLYGON ((-82.99846869587765 40.02997806772986, -82.99841869587765 40.03007806772986, -82.99831869587764 40.03007806772986, -82.99826869587764 40.02997806772986, -82.99831869587764 40.029878067729854, -82.99841869587765 40.029878067729854, -82.99846869587765 40.02997806772986))",99000,2
2,"POLYGON ((-83.00142813302081 40.02815246816041, -83.00137813302081 40.02825246816041, -83.0012781330208 40.02825246816041, -83.0012281330208 40.02815246816041, -83.0012781330208 40.0280524681604, -83.00137813302081 40.0280524681604, -83.00142813302081 40.02815246816041))",68000,2
3,"POLYGON ((-83.00656662002585 40.03982836334925, -83.00651662002585 40.039928363349254, -83.00641662002585 40.039928363349254, -83.00636662002584 40.03982836334925, -83.00641662002585 40.03972836334925, -83.00651662002585 40.03972836334925, -83.00656662002585 40.03982836334925))",21000,2
4,"POLYGON ((-82.99105837482148 40.03607367381308, -82.99100837482148 40.03617367381308, -82.99090837482147 40.03617367381308, -82.99085837482147 40.03607367381308, -82.99090837482147 40.035973673813075, -82.99100837482148 40.035973673813075, -82.99105837482148 40.03607367381308))",16000,2
5,"POLYGON ((-82.99764546431884 40.04149609064453, -82.99759546431883 40.04159609064453, -82.99749546431883 40.04159609064453, -82.99744546431883 40.04149609064453, -82.99749546431883 40.041396090644525, -82.99759546431883 40.041396090644525, -82.99764546431884 40.04149609064453))",87000,2
6,"POLYGON ((-82.98129330964674 40.033755614785214, -82.98124330964674 40.03385561478522, -82.98114330964674 40.03385561478522, -82.98109330964674 40.033755614785214, -82.98114330964674 40.03365561478521, -82.98124330964674 40.03365561478521, -82.98129330964674 40.033755614785214))",11000,1
7,"POLYGON ((-82.97903400309531 40.035523620101046, -82.9789840030953 40.03562362010105, -82.9788840030953 40.03562362010105, -82.9788340030953 40.035523620101046, -82.9788840030953 40.03542362010104, -82.9789840030953 40.03542362010104, -82.97903400309531 40.035523620101046))",18000,2
8,"POLYGON ((-82.99808998485425 40.04280838558017, -82.99803998485424 40.042908385580176, -82.99793998485424 40.042908385580176, -82.99788998485424 40.04280838558017, -82.99793998485424 40.04270838558017, -82.99803998485424 40.04270838558017, -82.99808998485425 40.04280838558017))",37000,1
9,"POLYGON ((-82.98853302078119 40.02572604034522, -82.98848302078119 40.02582604034522, -82.98838302078119 40.02582604034522, -82.98833302078118 40.02572604034522, -82.98838302078119 40.025626040345216, -82.98848302078119 40.025626040345216, -82.98853302078119 40.02572604034522))",6000,2
10,"POLYGON ((-82.9873504962348 40.03699053102336, -82.9873004962348 40.03709053102337, -82.98720049623479 40.03709053102337, -82.98715049623479 40.03699053102336, -82.98720049623479 40.03689053102336, -82.9873004962348 40.03689053102336, -82.9873504962348 40.03699053102336))",33000,1
11,"POLYGON ((-83.0005245744171 40.03132749383974, -83.0004745744171 40.03142749383974, -83.0003745744171 40.03142749383974, -83.00032457441709 40.03132749383974, -83.0003745744171 40.03122749383974, -83.0004745744171 40.03122749383974, -83.0005245744171 40.03132749383974))",45000,1
12,"POLYGON ((-82.98349234423824 40.03498187684141, -82.98344234423824 40.03508187684141, -82.98334234423824 40.03508187684141, -82.98329234423824 40.03498187684141, -82.98334234423824 40.0348818768414, -82.98344234423824 40.0348818768414, -82.98349234423824 40.03498187684141))",2000,2
13,"POLYGON ((-82.98877215809141 40.03901925027381, -82.9887221580914 40.039119250273814, -82.9886221580914 40.039119250273814, -82.9885721580914 40.03901925027381, -82.9886221580914 40.03891925027381, -82.9887221580914 40.03891925027381, -82.98877215809141 40.03901925027381))",30000,1
14,"POLYGON ((-83.00243101795076 40.03978014666562, -83.00238101795075 40.039880146665624, -83.00228101795075 40.039880146665624, -83.00223101795075 40.03978014666562, -83.00228101795075 40.03968014666562, -83.00238101795075 40.03968014666562, -83.00243101795076 40.03978014666562))",41000,1
15,"POLYGON ((-82.99052808088392 40.032223335925856, -82.99047808088392 40.03232333592586, -82.99037808088391 40.03232333592586, -82.99032808088391 40.032223335925856, -82.99037808088391 40.03212333592585, -82.99047808088392 40.03212333592585, -82.99052808088392 40.032223335925856))",23000,1
16,"POLYGON ((-82.98986629764161 40.039189242814665, -82.98981629764161 40.03928924281467, -82.9897162976416 40.03928924281467, -82.9896662976416 40.039189242814665, -82.9897162976416 40.03908924281466, -82.98981629764161 40.03908924281466, -82.98986629764161 40.039189242814665))",29000,1
17,"POLYGON ((-82.9911227777366 40.04180199503285, -82.9910727777366 40.04190199503285, -82.9909727777366 40.04190199503285, -82.9909227777366 40.04180199503285, -82.9909727777366 40.041701995032845, -82.9910727777366 40.041701995032845, -82.9911227777366 40.04180199503285))",115000,1
18,"POLYGON ((-82.99614701120049 40.04000715871681, -82.99609701120049 40.040107158716815, -82.99599701120049 40.040107158716815, -82.99594701120049 40.04000715871681, -82.99599701120049 40.03990715871681, -82.99609701120049 40.03990715871681, -82.99614701120049 40.04000715871681))",113000,2
19,"POLYGON ((-82.99230517498009 40.04301570927628, -82.99225517498009 40.043115709276286, -82.99215517498008 40.043115709276286, -82.99210517498008 40.04301570927628, -82.99215517498008 40.04291570927628, -82.99225517498009 40.04291570927628, -82.99230517498009 40.04301570927628))",31000,2
20,"POLYGON ((-82.99599594414552 40.031648109007406, -82.99594594414552 40.03174810900741, -82.99584594414551 40.03174810900741, -82.99579594414551 40.031648109007406, -82.99584594414551 40.0315481090074, -82.99594594414552 40.0315481090074, -82.99599594414552 40.031648109007406))",49000,1
21,"POLYGON ((-83.00415620511339 40.03327778360513, -83.00410620511339 40.03337778360513, -83.00400620511338 40.03337778360513, -83.00395620511338 40.03327778360513, -83.00400620511338 40.033177783605126, -83.00410620511339 40.033177783605126, -83.00415620511339 40.03327778360513))",12000,2
22,"POLYGON ((-82.99092650358402 40.037385183767896, -82.99087650358402 40.0374851837679, -82.99077650358402 40.0374851837679, -82.99072650358401 40.037385183767896, -82.99077650358402 40.03728518376789, -82.99087650358402 40.03728518376789, -82.99092650358402 40.037385183767896))",9000,1
23,"POLYGON ((-82.98418134932679 40.03839694868216, -82.98413134932679 40.038496948682166, -82.98403134932678 40.038496948682166, -82.98398134932678 40.03839694868216, -82.98403134932678 40.03829694868216, -82.98413134932679 40.03829694868216, -82.98418134932679 40.03839694868216))",31000,1
24,"POLYGON ((-82.98640802432234 40.04010543637183, -82.98635802432234 40.040205436371835, -82.98625802432234 40.040205436371835, -82.98620802432234 40.04010543637183, -82.98625802432234 40.04000543637183, -82.98635802432234 40.04000543637183, -82.98640802432234 40.04010543637183))",45000,1
25,"POLYGON ((-82.98415724580364 40.03245356577081, -82.98410724580364 40.03255356577081, -82.98400724580364 40.03255356577081, -82.98395724580364 40.03245356577081, -82.98400724580364 40.032353565770805, -82.98410724580364 40.032353565770805, -82.98415724580364 40.03245356577081))",72000,2
26,"POLYGON ((-82.99862817798669 40.03416790527376, -82.99857817798669 40.034267905273765, -82.99847817798668 40.034267905273765, -82.99842817798668 40.03416790527376, -82.99847817798668 40.03406790527376, -82.99857817798669 40.03406790527376, -82.99862817798669 40.03416790527376))",12000,1
27,"POLYGON ((-82.98699056069646 40.04281505271931, -82.98694056069645 40.042915052719316, -82.98684056069645 40.042915052719316, -82.98679056069645 40.04281505271931, -82.98684056069645 40.04271505271931, -82.98694056069645 40.04271505271931, -82.98699056069646 40.04281505271931))",90000,1
28,"POLYGON ((-82.99965450228684 40.03954746183806, -82.99960450228684 40.039647461838065, -82.99950450228684 40.039647461838065, -82.99945450228684 40.03954746183806, -82.99950450228684 40.03944746183806, -82.99960450228684 40.03944746183806, -82.99965450228684 40.03954746183806))",65000,1
29,"POLYGON ((-83.00059293219242 40.042269993992605, -83.00054293219242 40.04236999399261, -83.00044293219241 40.04236999399261, -83.00039293219241 40.042269993992605, -83.00044293219241 40.0421699939926, -83.00054293219242 40.0421699939926, -83.00059293219242 40.042269993992605))",26000,2
30,"POLYGON ((-83.0039966772006 40.031856976941576, -83.0039466772006 40.03195697694158, -83.0038466772006 40.03195697694158, -83.0037966772006 40.031856976941576, -83.0038466772006 40.03175697694157, -83.0039466772006 40.03175697694157, -83.0039966772006 40.031856976941576))",38000,2
31,"POLYGON ((-82.98472237569719 40.0404507534816, -82.98467237569719 40.040550753481604, -82.98457237569718 40.040550753481604, -82.98452237569718 40.0404507534816, -82.98457237569718 40.0403507534816, -82.98467237569719 40.0403507534816, -82.98472237569719 40.0404507534816))",88000,2
32,"POLYGON ((-82.997634866933 40.04179520910972, -82.997584866933 40.041895209109725, -82.997484866933 40.041895209109725, -82.99743486693299 40.04179520910972, -82.997484866933 40.04169520910972, -82.997584866933 40.04169520910972, -82.997634866933 40.04179520910972))",23000,1
33,"POLYGON ((-82.99554976797813 40.03411153755052, -82.99549976797813 40.034211537550526, -82.99539976797813 40.034211537550526, -82.99534976797813 40.03411153755052, -82.99539976797813 40.03401153755052, -82.99549976797813 40.03401153755052, -82.99554976797813 40.03411153755052))",12000,2
34,"POLYGON ((-82.98138012777922 40.04300218437672, -82.98133012777922 40.04310218437672, -82.98123012777921 40.04310218437672, -82.98118012777921 40.04300218437672, -82.98123012777921 40.042902184376715, -82.98133012777922 40.042902184376715, -82.98138012777922 40.04300218437672))",22000,1
35,"POLYGON ((-82.99409510589274 40.03196111859376, -82.99404510589274 40.03206111859377, -82.99394510589273 40.03206111859377, -82.99389510589273 40.03196111859376, -82.99394510589273 40.03186111859376, -82.99404510589274 40.03186111859376, -82.99409510589274 40.03196111859376))",64000,2
36,"POLYGON ((-82.98912960884236 40.03838594575912, -82.98907960884236 40.03848594575912, -82.98897960884236 40.03848594575912, -82.98892960884235 40.03838594575912, -82.98897960884236 40.038285945759114, -82.98907960884236 40.038285945759114, -82.98912960884236 40.03838594575912))",13000,2
37,"POLYGON ((-82.99202297139037 40.04110693376342, -82.99197297139037 40.041206933763426, -82.99187297139036 40.041206933763426, -82.99182297139036 40.04110693376342, -82.99187297139036 40.04100693376342, -82.99197297139037 40.04100693376342, -82.99202297139037 40.04110693376342))",63000,2
38,"POLYGON ((-83.0023219396679 40.03805830895412, -83.00227193966789 40.038158308954124, -83.00217193966789 40.038158308954124, -83.00212193966789 40.03805830895412, -83.00217193966789 40.03795830895412, -83.00227193966789 40.03795830895412, -83.0023219396679 40.03805830895412))",14000,2
39,"POLYGON ((-82.98330701719271 40.02645730687463, -82.98325701719271 40.026557306874636, -82.98315701719271 40.026557306874636, -82.98310701719271 40.02645730687463, -82.98315701719271 40.02635730687463, -82.98325701719271 40.02635730687463, -82.98330701719271 40.02645730687463))",117000,1
40,"POLYGON ((-83.00400922610484 40.04356273312863, -83.00395922610484 40.043662733128635, -83.00385922610484 40.043662733128635, -83.00380922610483 40.04356273312863, -83.00385922610484 40.04346273312863, -83.00395922610484 40.04346273312863, -83.00400922610484 40.04356273312863))",41000,2
41,"POLYGON ((-82.98254662703312 40.02669841184034, -82.98249662703311 40.026798411840346, -82.98239662703311 40.026798411840346, -82.98234662703311 40.02669841184034, -82.98239662703311 40.02659841184034, -82.98249662703311 40.02659841184034, -82.98254662703312 40.02669841184034))",31000,2
42,"POLYGON ((-82.98474151718872 40.04275864814141, -82.98469151718872 40.04285864814141, -82.98459151718872 40.04285864814141, -82.98454151718872 40.04275864814141, -82.98459151718872 40.042658648141405, -82.98469151718872 40.042658648141405, -82.98474151718872 40.04275864814141))",26000,2
43,"POLYGON ((-83.00087444678334 40.03035990575491, -83.00082444678334 40.03045990575492, -83.00072444678334 40.03045990575492, -83.00067444678334 40.03035990575491, -83.00072444678334 40.03025990575491, -83.00082444678334 40.03025990575491, -83.00087444678334 40.03035990575491))",3000,2
44,"POLYGON ((-82.99286446812116 40.028113295682175, -82.99281446812115 40.02821329568218, -82.99271446812115 40.02821329568218, -82.99266446812115 40.028113295682175, -82.99271446812115 40.02801329568217, -82.99281446812115 40.02801329568217, -82.99286446812116 40.028113295682175))",114000,1
45,"POLYGON ((-82.9785700336327 40.04095341321113, -82.9785200336327 40.04105341321113, -82.9784200336327 40.04105341321113, -82.9783700336327 40.04095341321113, -82.9784200336327 40.040853413211124, -82.9785200336327 40.040853413211124, -82.9785700336327 40.04095341321113))",114000,1
46,"POLYGON ((-82.99280552902351 40.03251901089528, -82.99275552902351 40.03261901089528, -82.99265552902351 40.03261901089528, -82.9926055290235 40.03251901089528, -82.99265552902351 40.032419010895275, -82.99275552902351 40.032419010895275, -82.99280552902351 40.03251901089528))",14000,1
47,"POLYGON ((-82.99310470710954 40.02609371708183, -82.99305470710954 40.02619371708183, -82.99295470710953 40.02619371708183, -82.99290470710953 40.02609371708183, -82.99295470710953 40.025993717081825, -82.99305470710954 40.025993717081825, -82.99310470710954 40.02609371708183))",82000,1
48,"POLYGON ((-82.98370339096299 40.03714467888251, -82.98365339096298 40.037244678882516, -82.98355339096298 40.037244678882516, -82.98350339096298 40.03714467888251, -82.98355339096298 40.03704467888251, -82.98365339096298 40.03704467888251, -82.98370339096299 40.03714467888251))",23000,1
49,"POLYGON ((-82.99540117792546 40.02814096037937, -82.99535117792546 40.02824096037937, -82.99525117792545 40.02824096037937, -82.99520117792545 40.02814096037937, -82.99525117792545 40.028040960379364, -82.99535117792546 40.028040960379364, -82.99540117792546 40.02814096037937))",34000,1
50,"POLYGON ((-83.00657714196144 40.0363215638807, -83.00652714196144 40.0364215638807, -83.00642714196144 40.0364215638807, -83.00637714196144 40.0363215638807, -83.00642714196144 40.036221563880694, -83.00652714196144 40.036221563880694, -83.00657714196144 40.0363215638807))",8000,1
51,"POLYGON ((-83.00549838105393 40.0365888093229, -83.00544838105392 40.036688809322904, -83.00534838105392 40.036688809322904, -83.00529838105392 40.0365888093229, -83.00534838105392 40.0364888093229, -83.00544838105392 40.0364888093229, -83.00549838105393 40.0365888093229))",111000,1
52,"POLYGON ((-82.99144958165051 40.0387675253472, -82.99139958165051 40.0388675253472, -82.99129958165051 40.0388675253472, -82.99124958165051 40.0387675253472, -82.99129958165051 40.03866752534719, -82.99139958165051 40.03866752534719, -82.99144958165051 40.0387675253472))",7000,2
53,"POLYGON ((-83.00143180063087 40.03889389072609, -83.00138180063087 40.03899389072609, -83.00128180063086 40.03899389072609, -83.00123180063086 40.03889389072609, -83.00128180063086 40.03879389072608, -83.00138180063087 40.03879389072608, -83.00143180063087 40.03889389072609))",69000,2
54,"POLYGON ((-82.99466755861322 40.04112602334991, -82.99461755861321 40.041226023349914, -82.99451755861321 40.041226023349914, -82.99446755861321 40.04112602334991, -82.99451755861321 40.04102602334991, -82.99461755861321 40.04102602334991, -82.99466755861322 40.04112602334991))",14000,2
55,"POLYGON ((-83.00283639916957 40.03597989830534, -83.00278639916957 40.036079898305346, -83.00268639916956 40.036079898305346, -83.00263639916956 40.03597989830534, -83.00268639916956 40.03587989830534, -83.00278639916957 40.03587989830534, -83.00283639916957 40.03597989830534))",3000,2
56,"POLYGON ((-83.00017571195099 40.0258311259915, -83.00012571195099 40.025931125991505, -83.00002571195098 40.025931125991505, -82.99997571195098 40.0258311259915, -83.00002571195098 40.0257311259915, -83.00012571195099 40.0257311259915, -83.00017571195099 40.0258311259915))",36000,2
57,"POLYGON ((-82.99297398946403 40.03894451586406, -82.99292398946403 40.03904451586406, -82.99282398946403 40.03904451586406, -82.99277398946403 40.03894451586406, -82.99282398946403 40.03884451586406, -82.99292398946403 40.03884451586406, -82.99297398946403 40.03894451586406))",31000,1
58,"POLYGON ((-83.00181507588317 40.038558829870254, -83.00176507588317 40.03865882987026, -83.00166507588317 40.03865882987026, -83.00161507588317 40.038558829870254, -83.00166507588317 40.03845882987025, -83.00176507588317 40.03845882987025, -83.00181507588317 40.038558829870254))",23000,2
59,"POLYGON ((-82.9814766908814 40.027437458157145, -82.98142669088139 40.02753745815715, -82.98132669088139 40.02753745815715, -82.98127669088139 40.027437458157145, -82.98132669088139 40.02733745815714, -82.98142669088139 40.02733745815714, -82.9814766908814 40.027437458157145))",106000,2
60,"POLYGON ((-82.9779189988819 40.02549955902385, -82.9778689988819 40.02559955902385, -82.9777689988819 40.02559955902385, -82.9777189988819 40.02549955902385, -82.9777689988819 40.025399559023846, -82.9778689988819 40.025399559023846, -82.9779189988819 40.02549955902385))",22000,1
61,"POLYGON ((-82.99872222983127 40.031372218106014, -82.99867222983127 40.03147221810602, -82.99857222983127 40.03147221810602, -82.99852222983127 40.031372218106014, -82.99857222983127 40.03127221810601, -82.99867222983127 40.03127221810601, -82.99872222983127 40.031372218106014))",34000,1
62,"POLYGON ((-82.97805382632076 40.02556450072397, -82.97800382632076 40.02566450072398, -82.97790382632076 40.02566450072398, -82.97785382632075 40.02556450072397, -82.97790382632076 40.02546450072397, -82.97800382632076 40.02546450072397, -82.97805382632076 40.02556450072397))",101000,1
63,"POLYGON ((-83.00142741343694 40.03242808298702, -83.00137741343694 40.03252808298702, -83.00127741343694 40.03252808298702, -83.00122741343694 40.03242808298702, -83.00127741343694 40.032328082987014, -83.00137741343694 40.032328082987014, -83.00142741343694 40.03242808298702))",104000,1
64,"POLYGON ((-83.00289923525719 40.03636034906828, -83.00284923525719 40.036460349068285, -83.00274923525718 40.036460349068285, -83.00269923525718 40.03636034906828, -83.00274923525718 40.03626034906828, -83.00284923525719 40.03626034906828, -83.00289923525719 40.03636034906828))",37000,1
65,"POLYGON ((-82.9969004708965 40.04225935866434, -82.9968504708965 40.04235935866434, -82.9967504708965 40.04235935866434, -82.9967004708965 40.04225935866434, -82.9967504708965 40.042159358664335, -82.9968504708965 40.042159358664335, -82.9969004708965 40.04225935866434))",53000,1
66,"POLYGON ((-83.00208977195992 40.03324695705408, -83.00203977195991 40.033346957054086, -83.00193977195991 40.033346957054086, -83.00188977195991 40.03324695705408, -83.00193977195991 40.03314695705408, -83.00203977195991 40.03314695705408, -83.00208977195992 40.03324695705408))",19000,1
67,"POLYGON ((-82.98987972239689 40.04344209969904, -82.98982972239689 40.043542099699046, -82.98972972239689 40.043542099699046, -82.98967972239689 40.04344209969904, -82.98972972239689 40.04334209969904, -82.98982972239689 40.04334209969904, -82.98987972239689 40.04344209969904))",14000,1
68,"POLYGON ((-83.00079326317794 40.02936627864274, -83.00074326317794 40.029466278642744, -83.00064326317793 40.029466278642744, -83.00059326317793 40.02936627864274, -83.00064326317793 40.02926627864274, -83.00074326317794 40.02926627864274, -83.00079326317794 40.02936627864274))",74000,2
69,"POLYGON ((-83.00660913314736 40.03026951653654, -83.00655913314736 40.030369516536545, -83.00645913314736 40.030369516536545, -83.00640913314736 40.03026951653654, -83.00645913314736 40.03016951653654, -83.00655913314736 40.03016951653654, -83.00660913314736 40.03026951653654))",86000,1
70,"POLYGON ((-82.9914270294069 40.03553553474623, -82.9913770294069 40.035635534746234, -82.9912770294069 40.035635534746234, -82.9912270294069 40.03553553474623, -82.9912770294069 40.03543553474623, -82.9913770294069 40.03543553474623, -82.9914270294069 40.03553553474623))",91000,2
71,"POLYGON ((-82.989427134536 40.03275788483761, -82.989377134536 40.03285788483761, -82.989277134536 40.03285788483761, -82.989227134536 40.03275788483761, -82.989277134536 40.032657884837604, -82.989377134536 40.032657884837604, -82.989427134536 40.03275788483761))",1000,1
72,"POLYGON ((-82.98723906637619 40.04050574209243, -82.98718906637619 40.04060574209243, -82.98708906637619 40.04060574209243, -82.98703906637618 40.04050574209243, -82.98708906637619 40.040405742092425, -82.98718906637619 40.040405742092425, -82.98723906637619 40.04050574209243))",14000,2
73,"POLYGON ((-83.00247479385841 40.03293592988374, -83.00242479385841 40.033035929883745, -83.0023247938584 40.033035929883745, -83.0022747938584 40.03293592988374, -83.0023247938584 40.03283592988374, -83.00242479385841 40.03283592988374, -83.00247479385841 40.03293592988374))",69000,1
74,"POLYGON ((-83.00040768539156 40.042364994939255, -83.00035768539156 40.04246499493926, -83.00025768539156 40.04246499493926, -83.00020768539156 40.042364994939255, -83.00025768539156 40.04226499493925, -83.00035768539156 40.04226499493925, -83.00040768539156 40.042364994939255))",65000,2
75,"POLYGON ((-83.00245493329463 40.04039846987583, -83.00240493329463 40.040498469875835, -83.00230493329462 40.040498469875835, -83.00225493329462 40.04039846987583, -83.00230493329462 40.04029846987583, -83.00240493329463 40.04029846987583, -83.00245493329463 40.04039846987583))",115000,2
76,"POLYGON ((-82.97781200076487 40.04159365172376, -82.97776200076487 40.04169365172376, -82.97766200076487 40.04169365172376, -82.97761200076486 40.04159365172376, -82.97766200076487 40.041493651723755, -82.97776200076487 40.041493651723755, -82.97781200076487 40.04159365172376))",54000,2
77,"POLYGON ((-82.99636894102831 40.042104782359694, -82.9963189410283 40.0422047823597, -82.9962189410283 40.0422047823597, -82.9961689410283 40.042104782359694, -82.9962189410283 40.04200478235969, -82.9963189410283 40.04200478235969, -82.99636894102831 40.042104782359694))",102000,1
78,"POLYGON ((-83.002364068435 40.02809758093581, -83.002314068435 40.02819758093581, -83.002214068435 40.02819758093581, -83.002164068435 40.02809758093581, -83.002214068435 40.0279975809358, -83.002314068435 40.0279975809358, -83.002364068435 40.02809758093581))",14000,1
79,"POLYGON ((-82.98450897496978 40.0290382730837, -82.98445897496978 40.0291382730837, -82.98435897496978 40.0291382730837, -82.98430897496978 40.0290382730837, -82.98435897496978 40.028938273083696, -82.98445897496978 40.028938273083696, -82.98450897496978 40.0290382730837))",24000,1
80,"POLYGON ((-82.99814005416933 40.03766033582477, -82.99809005416932 40.03776033582477, -82.99799005416932 40.03776033582477, -82.99794005416932 40.03766033582477, -82.99799005416932 40.037560335824764, -82.99809005416932 40.037560335824764, -82.99814005416933 40.03766033582477))",4000,1
81,"POLYGON ((-82.98405017150559 40.03468816010787, -82.98400017150558 40.03478816010787, -82.98390017150558 40.03478816010787, -82.98385017150558 40.03468816010787, -82.98390017150558 40.034588160107866, -82.98400017150558 40.034588160107866, -82.98405017150559 40.03468816010787))",4000,1
82,"POLYGON ((-83.00633839918773 40.037165470966045, -83.00628839918772 40.03726547096605, -83.00618839918772 40.03726547096605, -83.00613839918772 40.037165470966045, -83.00618839918772 40.03706547096604, -83.00628839918772 40.03706547096604, -83.00633839918773 40.037165470966045))",79000,2
83,"POLYGON ((-82.98247152633974 40.03636398646274, -82.98242152633973 40.03646398646274, -82.98232152633973 40.03646398646274, -82.98227152633973 40.03636398646274, -82.98232152633973 40.036263986462735, -82.98242152633973 40.036263986462735, -82.98247152633974 40.03636398646274))",20000,2
84,"POLYGON ((-82.98193744538669 40.026757499042745, -82.98188744538669 40.02685749904275, -82.98178744538669 40.02685749904275, -82.98173744538668 40.026757499042745, -82.98178744538669 40.02665749904274, -82.98188744538669 40.02665749904274, -82.98193744538669 40.026757499042745))",85000,2
85,"POLYGON ((-82.9788158717982 40.03845221942596, -82.9787658717982 40.038552219425966, -82.9786658717982 40.038552219425966, -82.9786158717982 40.03845221942596, -82.9786658717982 40.03835221942596, -82.9787658717982 40.03835221942596, -82.9788158717982 40.03845221942596))",38000,1
86,"POLYGON ((-83.0019203150526 40.03957822956429, -83.0018703150526 40.039678229564295, -83.0017703150526 40.039678229564295, -83.0017203150526 40.03957822956429, -83.0017703150526 40.03947822956429, -83.0018703150526 40.03947822956429, -83.0019203150526 40.03957822956429))",72000,1
87,"POLYGON ((-82.97747273054932 40.0282901289384, -82.97742273054932 40.028390128938405, -82.97732273054932 40.028390128938405, -82.97727273054932 40.0282901289384, -82.97732273054932 40.0281901289384, -82.97742273054932 40.0281901289384, -82.97747273054932 40.0282901289384))",87000,2
88,"POLYGON ((-82.99091135154342 40.03670533411925, -82.99086135154342 40.03680533411925, -82.99076135154341 40.03680533411925, -82.99071135154341 40.03670533411925, -82.99076135154341 40.036605334119244, -82.99086135154342 40.036605334119244, -82.99091135154342 40.03670533411925))",17000,2
89,"POLYGON ((-83.00262507694252 40.0278969225502, -83.00257507694252 40.0279969225502, -83.00247507694252 40.0279969225502, -83.00242507694252 40.0278969225502, -83.00247507694252 40.027796922550195, -83.00257507694252 40.027796922550195, -83.00262507694252 40.0278969225502))",41000,2
90,"POLYGON ((-83.00403590583903 40.03792212069537, -83.00398590583903 40.03802212069537, -83.00388590583903 40.03802212069537, -83.00383590583903 40.03792212069537, -83.00388590583903 40.03782212069537, -83.00398590583903 40.03782212069537, -83.00403590583903 40.03792212069537))",13000,2
91,"POLYGON ((-83.00271841007836 40.04179005019458, -83.00266841007836 40.04189005019458, -83.00256841007835 40.04189005019458, -83.00251841007835 40.04179005019458, -83.00256841007835 40.041690050194575, -83.00266841007836 40.041690050194575, -83.00271841007836 40.04179005019458))",113000,1
92,"POLYGON ((-82.9842300494893 40.03952856200876, -82.9841800494893 40.039628562008765, -82.9840800494893 40.039628562008765, -82.98403004948929 40.03952856200876, -82.9840800494893 40.03942856200876, -82.9841800494893 40.03942856200876, -82.9842300494893 40.03952856200876))",76000,1
93,"POLYGON ((-82.9800867937612 40.03340026150581, -82.9800367937612 40.033500261505814, -82.9799367937612 40.033500261505814, -82.9798867937612 40.03340026150581, -82.9799367937612 40.03330026150581, -82.9800367937612 40.03330026150581, -82.9800867937612 40.03340026150581))",101000,1
94,"POLYGON ((-82.98487757415421 40.027548468642586, -82.98482757415421 40.02764846864259, -82.9847275741542 40.02764846864259, -82.9846775741542 40.027548468642586, -82.9847275741542 40.02744846864258, -82.98482757415421 40.02744846864258, -82.98487757415421 40.027548468642586))",107000,2
95,"POLYGON ((-83.00230701470463 40.032425141070014, -83.00225701470463 40.03252514107002, -83.00215701470462 40.03252514107002, -83.00210701470462 40.032425141070014, -83.00215701470462 40.03232514107001, -83.00225701470463 40.03232514107001, -83.00230701470463 40.032425141070014))",24000,2
96,"POLYGON ((-83.00391039285793 40.03805856191563, -83.00386039285793 40.03815856191564, -83.00376039285793 40.03815856191564, -83.00371039285793 40.03805856191563, -83.00376039285793 40.03795856191563, -83.00386039285793 40.03795856191563, -83.00391039285793 40.03805856191563))",98000,2
97,"POLYGON ((-82.98552405467547 40.03398947398654, -82.98547405467546 40.03408947398654, -82.98537405467546 40.03408947398654, -82.98532405467546 40.03398947398654, -82.98537405467546 40.033889473986534, -82.98547405467546 40.033889473986534, -82.98552405467547 40.03398947398654))",43000,2
98,"POLYGON ((-82.99953551927084 40.03069705847512, -82.99948551927083 40.03079705847512, -82.99938551927083 40.03079705847512, -82.99933551927083 40.03069705847512, -82.99938551927083 40.03059705847512, -82.99948551927083 40.03059705847512, -82.99953551927084 40.03069705847512))",89000,2
99,"POLYGON ((-82.99132759191227 40.04313056610587, -82.99127759191227 40.043230566105876, -82.99117759191226 40.043230566105876, -82.99112759191226 40.04313056610587, -82.99117759191226 40.04303056610587, -82.99127759191227 40.04303056610587, -82.99132759191227 40.04313056610587))",36000,1
100,"POLYGON ((-83.00170972400302 40.03919353810554, -83.00165972400302 40.03929353810555, -83.00155972400302 40.03929353810555, -83.00150972400301 40.03919353810554, -83.00155972400302 40.03909353810554, -83.00165972400302 40.03909353810554, -83.00170972400302 40.03919353810554))",54000,1
101,"POLYGON ((-82.9884711666916 40.03626723485237, -82.9884211666916 40.03636723485237, -82.98832116669159 40.03636723485237, -82.98827116669159 40.03626723485237, -82.98832116669159 40.036167234852364, -82.9884211666916 40.036167234852364, -82.9884711666916 40.03626723485237))",33000,1
102,"POLYGON ((-82.98072053537558 40.031650432092, -82.98067053537558 40.031750432092004, -82.98057053537558 40.031750432092004, -82.98052053537558 40.031650432092, -82.98057053537558 40.031550432092, -82.98067053537558 40.031550432092, -82.98072053537558 40.031650432092))",57000,2
103,"POLYGON ((-83.00656753895015 40.04237158483602, -83.00651753895015 40.04247158483602, -83.00641753895015 40.04247158483602, -83.00636753895014 40.04237158483602, -83.00641753895015 40.042271584836016, -83.00651753895015 40.042271584836016, -83.00656753895015 40.04237158483602))",87000,2
104,"POLYGON ((-82.98726260827203 40.0399897887846, -82.98721260827203 40.040089788784606, -82.98711260827203 40.040089788784606, -82.98706260827203 40.0399897887846, -82.98711260827203 40.0398897887846, -82.98721260827203 40.0398897887846, -82.98726260827203 40.0399897887846))",105000,1
105,"POLYGON ((-83.00529147213827 40.04386069095191, -83.00524147213827 40.04396069095191, -83.00514147213826 40.04396069095191, -83.00509147213826 40.04386069095191, -83.00514147213826 40.043760690951906, -83.00524147213827 40.043760690951906, -83.00529147213827 40.04386069095191))",19000,1
106,"POLYGON ((-82.98288457962919 40.04352713073092, -82.98283457962918 40.043627130730926, -82.98273457962918 40.043627130730926, -82.98268457962918 40.04352713073092, -82.98273457962918 40.04342713073092, -82.98283457962918 40.04342713073092, -82.98288457962919 40.04352713073092))",36000,2
107,"POLYGON ((-83.00591872869815 40.041462659239855, -83.00586872869815 40.04156265923986, -83.00576872869814 40.04156265923986, -83.00571872869814 40.041462659239855, -83.00576872869814 40.04136265923985, -83.00586872869815 40.04136265923985, -83.00591872869815 40.041462659239855))",30000,1
108,"POLYGON ((-83.00032627831617 40.04047852643353, -83.00027627831616 40.040578526433535, -83.00017627831616 40.040578526433535, -83.00012627831616 40.04047852643353, -83.00017627831616 40.04037852643353, -83.00027627831616 40.04037852643353, -83.00032627831617 40.04047852643353))",93000,2
109,"POLYGON ((-82.99597444037859 40.0317949471206, -82.99592444037859 40.031894947120605, -82.99582444037858 40.031894947120605, -82.99577444037858 40.0317949471206, -82.99582444037858 40.0316949471206, -82.99592444037859 40.0316949471206, -82.99597444037859 40.0317949471206))",83000,1
110,"POLYGON ((-82.98633767008211 40.02868060419952, -82.9862876700821 40.028780604199525, -82.9861876700821 40.028780604199525, -82.9861376700821 40.02868060419952, -82.9861876700821 40.02858060419952, -82.9862876700821 40.02858060419952, -82.98633767008211 40.02868060419952))",7000,2
111,"POLYGON ((-82.97922047122377 40.039760921137, -82.97917047122377 40.039860921137006, -82.97907047122376 40.039860921137006, -82.97902047122376 40.039760921137, -82.97907047122376 40.039660921137, -82.97917047122377 40.039660921137, -82.97922047122377 40.039760921137))",1000,1
112,"POLYGON ((-82.97875302119749 40.03249021505242, -82.97870302119749 40.03259021505242, -82.97860302119749 40.03259021505242, -82.97855302119748 40.03249021505242, -82.97860302119749 40.032390215052416, -82.97870302119749 40.032390215052416, -82.97875302119749 40.03249021505242))",105000,2
113,"POLYGON ((-82.99642618135476 40.040916650272585, -82.99637618135476 40.04101665027259, -82.99627618135476 40.04101665027259, -82.99622618135476 40.040916650272585, -82.99627618135476 40.04081665027258, -82.99637618135476 40.04081665027258, -82.99642618135476 40.040916650272585))",31000,1
114,"POLYGON ((-83.00393689395119 40.02672033733192, -83.00388689395119 40.02682033733193, -83.00378689395119 40.02682033733193, -83.00373689395119 40.02672033733192, -83.00378689395119 40.02662033733192, -83.00388689395119 40.02662033733192, -83.00393689395119 40.02672033733192))",73000,1
115,"POLYGON ((-82.98538724729593 40.04350905957975, -82.98533724729593 40.04360905957975, -82.98523724729593 40.04360905957975, -82.98518724729593 40.04350905957975, -82.98523724729593 40.043409059579744, -82.98533724729593 40.043409059579744, -82.98538724729593 40.04350905957975))",45000,1
116,"POLYGON ((-82.99429059173042 40.03656633989438, -82.99424059173042 40.03666633989438, -82.99414059173041 40.03666633989438, -82.99409059173041 40.03656633989438, -82.99414059173041 40.036466339894375, -82.99424059173042 40.036466339894375, -82.99429059173042 40.03656633989438))",12000,1
117,"POLYGON ((-82.99114073696168 40.0334986080165, -82.99109073696168 40.033598608016504, -82.99099073696168 40.033598608016504, -82.99094073696168 40.0334986080165, -82.99099073696168 40.0333986080165, -82.99109073696168 40.0333986080165, -82.99114073696168 40.0334986080165))",26000,2
118,"POLYGON ((-82.99182620166873 40.041482277662, -82.99177620166873 40.041582277662, -82.99167620166872 40.041582277662, -82.99162620166872 40.041482277662, -82.99167620166872 40.041382277661995, -82.99177620166873 40.041382277661995, -82.99182620166873 40.041482277662))",29000,1
119,"POLYGON ((-82.99332305651228 40.03693358593821, -82.99327305651228 40.03703358593821, -82.99317305651228 40.03703358593821, -82.99312305651227 40.03693358593821, -82.99317305651228 40.036833585938204, -82.99327305651228 40.036833585938204, -82.99332305651228 40.03693358593821))",16000,2
120,"POLYGON ((-82.98278348339261 40.041279622319, -82.98273348339261 40.041379622319006, -82.9826334833926 40.041379622319006, -82.9825834833926 40.041279622319, -82.9826334833926 40.041179622319, -82.98273348339261 40.041179622319, -82.98278348339261 40.041279622319))",36000,2
121,"POLYGON ((-82.98506463955557 40.04297290156397, -82.98501463955557 40.043072901563974, -82.98491463955557 40.043072901563974, -82.98486463955557 40.04297290156397, -82.98491463955557 40.04287290156397, -82.98501463955557 40.04287290156397, -82.98506463955557 40.04297290156397))",2000,1
122,"POLYGON ((-83.00651350616673 40.03496396692759, -83.00646350616672 40.035063966927595, -83.00636350616672 40.035063966927595, -83.00631350616672 40.03496396692759, -83.00636350616672 40.03486396692759, -83.00646350616672 40.03486396692759, -83.00651350616673 40.03496396692759))",71000,1
123,"POLYGON ((-83.00120343709067 40.02566713371245, -83.00115343709066 40.025767133712456, -83.00105343709066 40.025767133712456, -83.00100343709066 40.02566713371245, -83.00105343709066 40.02556713371245, -83.00115343709066 40.02556713371245, -83.00120343709067 40.02566713371245))",12000,2
124,"POLYGON ((-83.00570449590568 40.03894771128521, -83.00565449590567 40.039047711285214, -83.00555449590567 40.039047711285214, -83.00550449590567 40.03894771128521, -83.00555449590567 40.03884771128521, -83.00565449590567 40.03884771128521, -83.00570449590568 40.03894771128521))",8000,2
125,"POLYGON ((-82.98818352905762 40.03787532489529, -82.98813352905762 40.03797532489529, -82.98803352905762 40.03797532489529, -82.98798352905762 40.03787532489529, -82.98803352905762 40.037775324895286, -82.98813352905762 40.037775324895286, -82.98818352905762 40.03787532489529))",44000,2
126,"POLYGON ((-82.98228149799998 40.038272341739045, -82.98223149799998 40.03837234173905, -82.98213149799997 40.03837234173905, -82.98208149799997 40.038272341739045, -82.98213149799997 40.03817234173904, -82.98223149799998 40.03817234173904, -82.98228149799998 40.038272341739045))",82000,2
127,"POLYGON ((-82.98842991637459 40.035742016873776, -82.98837991637458 40.03584201687378, -82.98827991637458 40.03584201687378, -82.98822991637458 40.035742016873776, -82.98827991637458 40.03564201687377, -82.98837991637458 40.03564201687377, -82.98842991637459 40.035742016873776))",30000,2
128,"POLYGON ((-83.00593992572759 40.034530887513, -83.00588992572759 40.034630887513, -83.00578992572758 40.034630887513, -83.00573992572758 40.034530887513, -83.00578992572758 40.034430887513, -83.00588992572759 40.034430887513, -83.00593992572759 40.034530887513))",92000,1
129,"POLYGON ((-82.99584000231937 40.03764640557883, -82.99579000231937 40.03774640557884, -82.99569000231936 40.03774640557884, -82.99564000231936 40.03764640557883, -82.99569000231936 40.03754640557883, -82.99579000231937 40.03754640557883, -82.99584000231937 40.03764640557883))",74000,1
130,"POLYGON ((-82.99476784306944 40.04002979590748, -82.99471784306944 40.04012979590748, -82.99461784306943 40.04012979590748, -82.99456784306943 40.04002979590748, -82.99461784306943 40.039929795907476, -82.99471784306944 40.039929795907476, -82.99476784306944 40.04002979590748))",77000,1
131,"POLYGON ((-82.991278365372 40.038653457471725, -82.991228365372 40.03875345747173, -82.99112836537199 40.03875345747173, -82.99107836537199 40.038653457471725, -82.99112836537199 40.03855345747172, -82.991228365372 40.03855345747172, -82.991278365372 40.038653457471725))",6000,1
132,"POLYGON ((-82.99066690555375 40.04343031817231, -82.99061690555375 40.043530318172316, -82.99051690555375 40.043530318172316, -82.99046690555375 40.04343031817231, -82.99051690555375 40.04333031817231, -82.99061690555375 40.04333031817231, -82.99066690555375 40.04343031817231))",60000,1
133,"POLYGON ((-82.98703373514128 40.04154811608103, -82.98698373514128 40.041648116081035, -82.98688373514128 40.041648116081035, -82.98683373514127 40.04154811608103, -82.98688373514128 40.04144811608103, -82.98698373514128 40.04144811608103, -82.98703373514128 40.04154811608103))",3000,2
134,"POLYGON ((-82.9792996585765 40.03708809166014, -82.97924965857649 40.03718809166014, -82.97914965857649 40.03718809166014, -82.97909965857649 40.03708809166014, -82.97914965857649 40.036988091660135, -82.97924965857649 40.036988091660135, -82.9792996585765 40.03708809166014))",14000,1
135,"POLYGON ((-82.98943012211213 40.03120841093024, -82.98938012211212 40.031308410930244, -82.98928012211212 40.031308410930244, -82.98923012211212 40.03120841093024, -82.98928012211212 40.03110841093024, -82.98938012211212 40.03110841093024, -82.98943012211213 40.03120841093024))",19000,2
136,"POLYGON ((-82.99858887456749 40.027150626867936, -82.99853887456749 40.02725062686794, -82.99843887456748 40.02725062686794, -82.99838887456748 40.027150626867936, -82.99843887456748 40.02705062686793, -82.99853887456749 40.02705062686793, -82.99858887456749 40.027150626867936))",110000,2
137,"POLYGON ((-82.99525216262916 40.03560035230175, -82.99520216262916 40.03570035230175, -82.99510216262915 40.03570035230175, -82.99505216262915 40.03560035230175, -82.99510216262915 40.035500352301746, -82.99520216262916 40.035500352301746, -82.99525216262916 40.03560035230175))",111000,1
138,"POLYGON ((-82.98602825395066 40.03709484141197, -82.98597825395066 40.037194841411974, -82.98587825395066 40.037194841411974, -82.98582825395066 40.03709484141197, -82.98587825395066 40.03699484141197, -82.98597825395066 40.03699484141197, -82.98602825395066 40.03709484141197))",49000,2
139,"POLYGON ((-83.00139760576593 40.03349076650854, -83.00134760576593 40.033590766508546, -83.00124760576593 40.033590766508546, -83.00119760576592 40.03349076650854, -83.00124760576593 40.03339076650854, -83.00134760576593 40.03339076650854, -83.00139760576593 40.03349076650854))",2000,2
140,"POLYGON ((-82.9835933477204 40.03091344060977, -82.9835433477204 40.031013440609776, -82.9834433477204 40.031013440609776, -82.9833933477204 40.03091344060977, -82.9834433477204 40.03081344060977, -82.9835433477204 40.03081344060977, -82.9835933477204 40.03091344060977))",116000,2
141,"POLYGON ((-82.98681060324694 40.03402305356426, -82.98676060324694 40.034123053564265, -82.98666060324693 40.034123053564265, -82.98661060324693 40.03402305356426, -82.98666060324693 40.03392305356426, -82.98676060324694 40.03392305356426, -82.98681060324694 40.03402305356426))",31000,1
142,"POLYGON ((-83.00197203768765 40.02886153220631, -83.00192203768765 40.02896153220631, -83.00182203768765 40.02896153220631, -83.00177203768764 40.02886153220631, -83.00182203768765 40.0287615322063, -83.00192203768765 40.0287615322063, -83.00197203768765 40.02886153220631))",92000,2
143,"POLYGON ((-82.99945009228036 40.026715593901045, -82.99940009228035 40.02681559390105, -82.99930009228035 40.02681559390105, -82.99925009228035 40.026715593901045, -82.99930009228035 40.02661559390104, -82.99940009228035 40.02661559390104, -82.99945009228036 40.026715593901045))",110000,1
144,"POLYGON ((-82.98476705144276 40.04198173917276, -82.98471705144276 40.042081739172765, -82.98461705144275 40.042081739172765, -82.98456705144275 40.04198173917276, -82.98461705144275 40.04188173917276, -82.98471705144276 40.04188173917276, -82.98476705144276 40.04198173917276))",22000,2
145,"POLYGON ((-82.98164661474263 40.04116158909951, -82.98159661474263 40.04126158909951, -82.98149661474262 40.04126158909951, -82.98144661474262 40.04116158909951, -82.98149661474262 40.041061589099506, -82.98159661474263 40.041061589099506, -82.98164661474263 40.04116158909951))",77000,2
146,"POLYGON ((-83.00402036510997 40.02903393865321, -83.00397036510996 40.02913393865321, -83.00387036510996 40.02913393865321, -83.00382036510996 40.02903393865321, -83.00387036510996 40.0289339386532, -83.00397036510996 40.0289339386532, -83.00402036510997 40.02903393865321))",74000,2
147,"POLYGON ((-82.99941492916327 40.03698585358693, -82.99936492916326 40.03708585358693, -82.99926492916326 40.03708585358693, -82.99921492916326 40.03698585358693, -82.99926492916326 40.036885853586924, -82.99936492916326 40.036885853586924, -82.99941492916327 40.03698585358693))",100000,1
148,"POLYGON ((-82.9828278119715 40.02874410767552, -82.9827778119715 40.028844107675525, -82.9826778119715 40.028844107675525, -82.9826278119715 40.02874410767552, -82.9826778119715 40.02864410767552, -82.9827778119715 40.02864410767552, -82.9828278119715 40.02874410767552))",32000,2
149,"POLYGON ((-82.98791084464048 40.032408170197705, -82.98786084464048 40.03250817019771, -82.98776084464048 40.03250817019771, -82.98771084464047 40.032408170197705, -82.98776084464048 40.0323081701977, -82.98786084464048 40.0323081701977, -82.98791084464048 40.032408170197705))",23000,2
150,"POLYGON ((-82.99640382958404 40.041688719277374, -82.99635382958404 40.04178871927738, -82.99625382958403 40.04178871927738, -82.99620382958403 40.041688719277374, -82.99625382958403 40.04158871927737, -82.99635382958404 40.04158871927737, -82.99640382958404 40.041688719277374))",9000,1
151,"POLYGON ((-82.99026072756138 40.03957198687359, -82.99021072756138 40.03967198687359, -82.99011072756137 40.03967198687359, -82.99006072756137 40.03957198687359, -82.99011072756137 40.039471986873586, -82.99021072756138 40.039471986873586, -82.99026072756138 40.03957198687359))",33000,1
152,"POLYGON ((-82.98463925083597 40.03366839367612, -82.98458925083597 40.03376839367613, -82.98448925083596 40.03376839367613, -82.98443925083596 40.03366839367612, -82.98448925083596 40.03356839367612, -82.98458925083597 40.03356839367612, -82.98463925083597 40.03366839367612))",40000,2
153,"POLYGON ((-82.98031316614035 40.03379514905321, -82.98026316614035 40.033895149053215, -82.98016316614034 40.033895149053215, -82.98011316614034 40.03379514905321, -82.98016316614034 40.03369514905321, -82.98026316614035 40.03369514905321, -82.98031316614035 40.03379514905321))",33000,2
154,"POLYGON ((-83.00034959141414 40.03367989553024, -83.00029959141413 40.033779895530245, -83.00019959141413 40.033779895530245, -83.00014959141413 40.03367989553024, -83.00019959141413 40.03357989553024, -83.00029959141413 40.03357989553024, -83.00034959141414 40.03367989553024))",29000,2
155,"POLYGON ((-82.99462190945164 40.04226900331681, -82.99457190945164 40.042369003316814, -82.99447190945163 40.042369003316814, -82.99442190945163 40.04226900331681, -82.99447190945163 40.04216900331681, -82.99457190945164 40.04216900331681, -82.99462190945164 40.04226900331681))",7000,2
156,"POLYGON ((-83.00420777288656 40.03832438844633, -83.00415777288656 40.03842438844633, -83.00405777288655 40.03842438844633, -83.00400777288655 40.03832438844633, -83.00405777288655 40.038224388446324, -83.00415777288656 40.038224388446324, -83.00420777288656 40.03832438844633))",34000,1
157,"POLYGON ((-82.98048358690517 40.032169747700905, -82.98043358690516 40.03226974770091, -82.98033358690516 40.03226974770091, -82.98028358690516 40.032169747700905, -82.98033358690516 40.0320697477009, -82.98043358690516 40.0320697477009, -82.98048358690517 40.032169747700905))",18000,1
158,"POLYGON ((-82.98952557125163 40.02582097127372, -82.98947557125163 40.02592097127372, -82.98937557125163 40.02592097127372, -82.98932557125163 40.02582097127372, -82.98937557125163 40.025720971273714, -82.98947557125163 40.025720971273714, -82.98952557125163 40.02582097127372))",47000,1
159,"POLYGON ((-82.99731040638434 40.02933659197006, -82.99726040638434 40.02943659197006, -82.99716040638434 40.02943659197006, -82.99711040638434 40.02933659197006, -82.99716040638434 40.029236591970054, -82.99726040638434 40.029236591970054, -82.99731040638434 40.02933659197006))",32000,1
160,"POLYGON ((-82.99020923833618 40.043105491639785, -82.99015923833618 40.04320549163979, -82.99005923833617 40.04320549163979, -82.99000923833617 40.043105491639785, -82.99005923833617 40.04300549163978, -82.99015923833618 40.04300549163978, -82.99020923833618 40.043105491639785))",62000,1
161,"POLYGON ((-82.99478328168516 40.03634172283885, -82.99473328168516 40.03644172283885, -82.99463328168515 40.03644172283885, -82.99458328168515 40.03634172283885, -82.99463328168515 40.036241722838845, -82.99473328168516 40.036241722838845, -82.99478328168516 40.03634172283885))",5000,1
162,"POLYGON ((-82.99552142287133 40.02570446477314, -82.99547142287133 40.025804464773145, -82.99537142287133 40.025804464773145, -82.99532142287133 40.02570446477314, -82.99537142287133 40.02560446477314, -82.99547142287133 40.02560446477314, -82.99552142287133 40.02570446477314))",27000,2
163,"POLYGON ((-83.00096294418893 40.03117763882687, -83.00091294418893 40.03127763882687, -83.00081294418892 40.03127763882687, -83.00076294418892 40.03117763882687, -83.00081294418892 40.031077638826865, -83.00091294418893 40.031077638826865, -83.00096294418893 40.03117763882687))",26000,2
164,"POLYGON ((-82.99975405822332 40.04179516350008, -82.99970405822332 40.04189516350009, -82.99960405822331 40.04189516350009, -82.99955405822331 40.04179516350008, -82.99960405822331 40.04169516350008, -82.99970405822332 40.04169516350008, -82.99975405822332 40.04179516350008))",108000,1
165,"POLYGON ((-83.00048823534844 40.02744083105269, -83.00043823534844 40.02754083105269, -83.00033823534844 40.02754083105269, -83.00028823534844 40.02744083105269, -83.00033823534844 40.02734083105268, -83.00043823534844 40.02734083105268, -83.00048823534844 40.02744083105269))",23000,2
166,"POLYGON ((-82.9978369126422 40.04322078134129, -82.9977869126422 40.04332078134129, -82.9976869126422 40.04332078134129, -82.9976369126422 40.04322078134129, -82.9976869126422 40.04312078134129, -82.9977869126422 40.04312078134129, -82.9978369126422 40.04322078134129))",101000,2
167,"POLYGON ((-82.99987710913913 40.03216782073888, -82.99982710913913 40.03226782073888, -82.99972710913913 40.03226782073888, -82.99967710913913 40.03216782073888, -82.99972710913913 40.032067820738874, -82.99982710913913 40.032067820738874, -82.99987710913913 40.03216782073888))",8000,2
168,"POLYGON ((-82.98731764058213 40.02617052761732, -82.98726764058213 40.02627052761732, -82.98716764058213 40.02627052761732, -82.98711764058213 40.02617052761732, -82.98716764058213 40.026070527617314, -82.98726764058213 40.026070527617314, -82.98731764058213 40.02617052761732))",114000,2
169,"POLYGON ((-83.00046955479102 40.03382191854613, -83.00041955479102 40.033921918546135, -83.00031955479102 40.033921918546135, -83.00026955479102 40.03382191854613, -83.00031955479102 40.03372191854613, -83.00041955479102 40.03372191854613, -83.00046955479102 40.03382191854613))",85000,2
170,"POLYGON ((-82.99760163952807 40.02679817928908, -82.99755163952807 40.026898179289084, -82.99745163952807 40.026898179289084, -82.99740163952806 40.02679817928908, -82.99745163952807 40.02669817928908, -82.99755163952807 40.02669817928908, -82.99760163952807 40.02679817928908))",108000,1
171,"POLYGON ((-83.0005888104045 40.03591601424675, -83.00053881040449 40.036016014246755, -83.00043881040449 40.036016014246755, -83.00038881040449 40.03591601424675, -83.00043881040449 40.03581601424675, -83.00053881040449 40.03581601424675, -83.0005888104045 40.03591601424675))",12000,2
172,"POLYGON ((-82.98251639292376 40.0355765377056, -82.98246639292375 40.035676537705605, -82.98236639292375 40.035676537705605, -82.98231639292375 40.0355765377056, -82.98236639292375 40.0354765377056, -82.98246639292375 40.0354765377056, -82.98251639292376 40.0355765377056))",37000,1
173,"POLYGON ((-83.00518465135174 40.036564658965496, -83.00513465135174 40.0366646589655, -83.00503465135174 40.0366646589655, -83.00498465135173 40.036564658965496, -83.00503465135174 40.03646465896549, -83.00513465135174 40.03646465896549, -83.00518465135174 40.036564658965496))",30000,1
174,"POLYGON ((-82.99108490404782 40.040873157816, -82.99103490404782 40.040973157816005, -82.99093490404782 40.040973157816005, -82.99088490404782 40.040873157816, -82.99093490404782 40.040773157816, -82.99103490404782 40.040773157816, -82.99108490404782 40.040873157816))",105000,2
175,"POLYGON ((-82.9986894390554 40.043319062602215, -82.9986394390554 40.04341906260222, -82.99853943905539 40.04341906260222, -82.99848943905539 40.043319062602215, -82.99853943905539 40.04321906260221, -82.9986394390554 40.04321906260221, -82.9986894390554 40.043319062602215))",106000,1
176,"POLYGON ((-83.00172762909486 40.03294224195739, -83.00167762909486 40.033042241957396, -83.00157762909485 40.033042241957396, -83.00152762909485 40.03294224195739, -83.00157762909485 40.03284224195739, -83.00167762909486 40.03284224195739, -83.00172762909486 40.03294224195739))",4000,2
177,"POLYGON ((-82.99500583341343 40.03407496396386, -82.99495583341343 40.03417496396386, -82.99485583341342 40.03417496396386, -82.99480583341342 40.03407496396386, -82.99485583341342 40.03397496396386, -82.99495583341343 40.03397496396386, -82.99500583341343 40.03407496396386))",22000,1
178,"POLYGON ((-83.00270445322343 40.02592201373706, -83.00265445322343 40.02602201373706, -83.00255445322342 40.02602201373706, -83.00250445322342 40.02592201373706, -83.00255445322342 40.025822013737056, -83.00265445322343 40.025822013737056, -83.00270445322343 40.02592201373706))",58000,1
179,"POLYGON ((-82.98411314674992 40.03403610540735, -82.98406314674992 40.034136105407356, -82.98396314674991 40.034136105407356, -82.98391314674991 40.03403610540735, -82.98396314674991 40.03393610540735, -82.98406314674992 40.03393610540735, -82.98411314674992 40.03403610540735))",1000,2
180,"POLYGON ((-82.98790569254818 40.03925356139666, -82.98785569254818 40.039353561396666, -82.98775569254818 40.039353561396666, -82.98770569254818 40.03925356139666, -82.98775569254818 40.03915356139666, -82.98785569254818 40.03915356139666, -82.98790569254818 40.03925356139666))",27000,1
181,"POLYGON ((-82.99171600339648 40.04340540935445, -82.99166600339647 40.04350540935445, -82.99156600339647 40.04350540935445, -82.99151600339647 40.04340540935445, -82.99156600339647 40.043305409354446, -82.99166600339647 40.043305409354446, -82.99171600339648 40.04340540935445))",41000,1
182,"POLYGON ((-82.99329924785667 40.0401912928972, -82.99324924785667 40.0402912928972, -82.99314924785666 40.0402912928972, -82.99309924785666 40.0401912928972, -82.99314924785666 40.040091292897195, -82.99324924785667 40.040091292897195, -82.99329924785667 40.0401912928972))",107000,1
183,"POLYGON ((-83.00395861733361 40.035017638896335, -83.00390861733361 40.03511763889634, -83.0038086173336 40.03511763889634, -83.0037586173336 40.035017638896335, -83.0038086173336 40.03491763889633, -83.00390861733361 40.03491763889633, -83.00395861733361 40.035017638896335))",57000,1
184,"POLYGON ((-82.97997265560055 40.03419522379191, -82.97992265560055 40.034295223791915, -82.97982265560054 40.034295223791915, -82.97977265560054 40.03419522379191, -82.97982265560054 40.03409522379191, -82.97992265560055 40.03409522379191, -82.97997265560055 40.03419522379191))",117000,2
185,"POLYGON ((-82.99781283113933 40.02610112595429, -82.99776283113933 40.026201125954294, -82.99766283113932 40.026201125954294, -82.99761283113932 40.02610112595429, -82.99766283113932 40.02600112595429, -82.99776283113933 40.02600112595429, -82.99781283113933 40.02610112595429))",7000,1
186,"POLYGON ((-82.98565260080353 40.02552611598034, -82.98560260080353 40.025626115980344, -82.98550260080353 40.025626115980344, -82.98545260080353 40.02552611598034, -82.98550260080353 40.02542611598034, -82.98560260080353 40.02542611598034, -82.98565260080353 40.02552611598034))",29000,1
187,"POLYGON ((-82.9830270277207 40.03692216225073, -82.9829770277207 40.037022162250736, -82.98287702772069 40.037022162250736, -82.98282702772069 40.03692216225073, -82.98287702772069 40.03682216225073, -82.9829770277207 40.03682216225073, -82.9830270277207 40.03692216225073))",101000,1
188,"POLYGON ((-82.99905284810997 40.03649598187021, -82.99900284810997 40.036595981870214, -82.99890284810996 40.036595981870214, -82.99885284810996 40.03649598187021, -82.99890284810996 40.03639598187021, -82.99900284810997 40.03639598187021, -82.99905284810997 40.03649598187021))",26000,2
189,"POLYGON ((-83.00073362929129 40.04274980129394, -83.00068362929129 40.04284980129394, -83.00058362929128 40.04284980129394, -83.00053362929128 40.04274980129394, -83.00058362929128 40.04264980129393, -83.00068362929129 40.04264980129393, -83.00073362929129 40.04274980129394))",60000,1
190,"POLYGON ((-82.98570424309426 40.02980272571683, -82.98565424309426 40.02990272571683, -82.98555424309426 40.02990272571683, -82.98550424309425 40.02980272571683, -82.98555424309426 40.029702725716824, -82.98565424309426 40.029702725716824, -82.98570424309426 40.02980272571683))",55000,2
191,"POLYGON ((-82.9958259416236 40.0429480589831, -82.99577594162359 40.0430480589831, -82.99567594162359 40.0430480589831, -82.99562594162359 40.0429480589831, -82.99567594162359 40.0428480589831, -82.99577594162359 40.0428480589831, -82.9958259416236 40.0429480589831))",46000,1
192,"POLYGON ((-83.00063250744628 40.03949956115226, -83.00058250744628 40.039599561152265, -83.00048250744628 40.039599561152265, -83.00043250744628 40.03949956115226, -83.00048250744628 40.03939956115226, -83.00058250744628 40.03939956115226, -83.00063250744628 40.03949956115226))",26000,2
193,"POLYGON ((-83.00401591738947 40.032268136805406, -83.00396591738946 40.03236813680541, -83.00386591738946 40.03236813680541, -83.00381591738946 40.032268136805406, -83.00386591738946 40.0321681368054, -83.00396591738946 40.0321681368054, -83.00401591738947 40.032268136805406))",14000,2
194,"POLYGON ((-82.98164368637092 40.03874676620651, -82.98159368637091 40.03884676620651, -82.98149368637091 40.03884676620651, -82.98144368637091 40.03874676620651, -82.98149368637091 40.038646766206504, -82.98159368637091 40.038646766206504, -82.98164368637092 40.03874676620651))",13000,2
195,"POLYGON ((-82.99017644789899 40.03969410232008, -82.99012644789899 40.03979410232008, -82.99002644789898 40.03979410232008, -82.98997644789898 40.03969410232008, -82.99002644789898 40.03959410232007, -82.99012644789899 40.03959410232007, -82.99017644789899 40.03969410232008))",27000,1
196,"POLYGON ((-83.00083855089288 40.04172886533944, -83.00078855089288 40.04182886533944, -83.00068855089287 40.04182886533944, -83.00063855089287 40.04172886533944, -83.00068855089287 40.04162886533943, -83.00078855089288 40.04162886533943, -83.00083855089288 40.04172886533944))",5000,2
197,"POLYGON ((-82.987153556928 40.02936651245578, -82.987103556928 40.029466512455784, -82.987003556928 40.029466512455784, -82.986953556928 40.02936651245578, -82.987003556928 40.02926651245578, -82.987103556928 40.02926651245578, -82.987153556928 40.02936651245578))",6000,2
198,"POLYGON ((-82.98938703560715 40.04209165227611, -82.98933703560715 40.04219165227612, -82.98923703560715 40.04219165227612, -82.98918703560715 40.04209165227611, -82.98923703560715 40.04199165227611, -82.98933703560715 40.04199165227611, -82.98938703560715 40.04209165227611))",5000,1
199,"POLYGON ((-82.99318477508487 40.04346023893687, -82.99313477508487 40.04356023893688, -82.99303477508487 40.04356023893688, -82.99298477508486 40.04346023893687, -82.99303477508487 40.04336023893687, -82.99313477508487 40.04336023893687, -82.99318477508487 40.04346023893687))",109000,1
200,"POLYGON ((-82.99289618250165 40.04210203568435, -82.99284618250165 40.042202035684355, -82.99274618250165 40.042202035684355, -82.99269618250165 40.04210203568435, -82.99274618250165 40.04200203568435, -82.99284618250165 40.04200203568435, -82.99289618250165 40.04210203568435))",31000,1
201,"POLYGON ((-82.99384405252452 40.03921809069765, -82.99379405252452 40.039318090697655, -82.99369405252452 40.039318090697655, -82.99364405252452 40.03921809069765, -82.99369405252452 40.03911809069765, -82.99379405252452 40.03911809069765, -82.99384405252452 40.03921809069765))",2000,1
202,"POLYGON ((-83.0056969725504 40.02658330914599, -83.0056469725504 40.026683309145994, -83.00554697255039 40.026683309145994, -83.00549697255039 40.02658330914599, -83.00554697255039 40.02648330914599, -83.0056469725504 40.02648330914599, -83.0056969725504 40.02658330914599))",49000,1
203,"POLYGON ((-83.00560413489404 40.02905321095199, -83.00555413489404 40.029153210951996, -83.00545413489404 40.029153210951996, -83.00540413489404 40.02905321095199, -83.00545413489404 40.02895321095199, -83.00555413489404 40.02895321095199, -83.00560413489404 40.02905321095199))",20000,2
204,"POLYGON ((-82.99991914171915 40.03875589996363, -82.99986914171915 40.038855899963636, -82.99976914171914 40.038855899963636, -82.99971914171914 40.03875589996363, -82.99976914171914 40.03865589996363, -82.99986914171915 40.03865589996363, -82.99991914171915 40.03875589996363))",49000,2
205,"POLYGON ((-82.99179988641048 40.036601450251794, -82.99174988641047 40.0367014502518, -82.99164988641047 40.0367014502518, -82.99159988641047 40.036601450251794, -82.99164988641047 40.03650145025179, -82.99174988641047 40.03650145025179, -82.99179988641048 40.036601450251794))",39000,1
206,"POLYGON ((-82.9846178744418 40.02808577005444, -82.9845678744418 40.02818577005444, -82.98446787444179 40.02818577005444, -82.98441787444179 40.02808577005444, -82.98446787444179 40.027985770054435, -82.9845678744418 40.027985770054435, -82.9846178744418 40.02808577005444))",14000,1
207,"POLYGON ((-82.98673926841664 40.036393895433534, -82.98668926841664 40.03649389543354, -82.98658926841664 40.03649389543354, -82.98653926841664 40.036393895433534, -82.98658926841664 40.03629389543353, -82.98668926841664 40.03629389543353, -82.98673926841664 40.036393895433534))",112000,1
208,"POLYGON ((-82.99738808939998 40.03137421583397, -82.99733808939997 40.031474215833974, -82.99723808939997 40.031474215833974, -82.99718808939997 40.03137421583397, -82.99723808939997 40.03127421583397, -82.99733808939997 40.03127421583397, -82.99738808939998 40.03137421583397))",23000,2
209,"POLYGON ((-82.98226738720189 40.04167424738142, -82.98221738720189 40.041774247381426, -82.98211738720188 40.041774247381426, -82.98206738720188 40.04167424738142, -82.98211738720188 40.04157424738142, -82.98221738720189 40.04157424738142, -82.98226738720189 40.04167424738142))",94000,2
210,"POLYGON ((-82.99187136659035 40.02554456651776, -82.99182136659034 40.02564456651776, -82.99172136659034 40.02564456651776, -82.99167136659034 40.02554456651776, -82.99172136659034 40.025444566517756, -82.99182136659034 40.025444566517756, -82.99187136659035 40.02554456651776))",82000,2
211,"POLYGON ((-82.99576540739552 40.04342222502851, -82.99571540739552 40.04352222502851, -82.99561540739552 40.04352222502851, -82.99556540739552 40.04342222502851, -82.99561540739552 40.043322225028504, -82.99571540739552 40.043322225028504, -82.99576540739552 40.04342222502851))",61000,1
212,"POLYGON ((-82.97746348955522 40.031881828123446, -82.97741348955522 40.03198182812345, -82.97731348955521 40.03198182812345, -82.97726348955521 40.031881828123446, -82.97731348955521 40.03178182812344, -82.97741348955522 40.03178182812344, -82.97746348955522 40.031881828123446))",109000,2
213,"POLYGON ((-82.9957749177448 40.03376552004993, -82.9957249177448 40.033865520049936, -82.99562491774479 40.033865520049936, -82.99557491774479 40.03376552004993, -82.99562491774479 40.03366552004993, -82.9957249177448 40.03366552004993, -82.9957749177448 40.03376552004993))",30000,2
214,"POLYGON ((-83.00668054153044 40.02620422630078, -83.00663054153044 40.02630422630078, -83.00653054153044 40.02630422630078, -83.00648054153044 40.02620422630078, -83.00653054153044 40.026104226300774, -83.00663054153044 40.026104226300774, -83.00668054153044 40.02620422630078))",28000,1
215,"POLYGON ((-82.9858957846961 40.04094184125948, -82.9858457846961 40.041041841259485, -82.98574578469609 40.041041841259485, -82.98569578469609 40.04094184125948, -82.98574578469609 40.04084184125948, -82.9858457846961 40.04084184125948, -82.9858957846961 40.04094184125948))",49000,1
216,"POLYGON ((-82.9800764078029 40.044015934575725, -82.9800264078029 40.04411593457573, -82.97992640780289 40.04411593457573, -82.97987640780289 40.044015934575725, -82.97992640780289 40.04391593457572, -82.9800264078029 40.04391593457572, -82.9800764078029 40.044015934575725))",103000,2
217,"POLYGON ((-82.98394765249685 40.0304644205038, -82.98389765249685 40.0305644205038, -82.98379765249685 40.0305644205038, -82.98374765249685 40.0304644205038, -82.98379765249685 40.030364420503794, -82.98389765249685 40.030364420503794, -82.98394765249685 40.0304644205038))",82000,1
218,"POLYGON ((-82.98517093910785 40.03648885567323, -82.98512093910784 40.03658885567323, -82.98502093910784 40.03658885567323, -82.98497093910784 40.03648885567323, -82.98502093910784 40.03638885567322, -82.98512093910784 40.03638885567322, -82.98517093910785 40.03648885567323))",37000,2
219,"POLYGON ((-82.99956737354499 40.0360014335766, -82.99951737354499 40.036101433576604, -82.99941737354499 40.036101433576604, -82.99936737354498 40.0360014335766, -82.99941737354499 40.0359014335766, -82.99951737354499 40.0359014335766, -82.99956737354499 40.0360014335766))",11000,2
220,"POLYGON ((-82.98074539813403 40.03999649792871, -82.98069539813403 40.040096497928715, -82.98059539813403 40.040096497928715, -82.98054539813403 40.03999649792871, -82.98059539813403 40.03989649792871, -82.98069539813403 40.03989649792871, -82.98074539813403 40.03999649792871))",114000,1
221,"POLYGON ((-82.98246085402819 40.0401907012876, -82.98241085402819 40.0402907012876, -82.98231085402819 40.0402907012876, -82.98226085402818 40.0401907012876, -82.98231085402819 40.040090701287596, -82.98241085402819 40.040090701287596, -82.98246085402819 40.0401907012876))",113000,1
222,"POLYGON ((-82.99927209714896 40.03427946881862, -82.99922209714896 40.03437946881862, -82.99912209714896 40.03437946881862, -82.99907209714895 40.03427946881862, -82.99912209714896 40.034179468818614, -82.99922209714896 40.034179468818614, -82.99927209714896 40.03427946881862))",40000,1
223,"POLYGON ((-83.00509186397132 40.03242439886783, -83.00504186397131 40.032524398867835, -83.00494186397131 40.032524398867835, -83.00489186397131 40.03242439886783, -83.00494186397131 40.03232439886783, -83.00504186397131 40.03232439886783, -83.00509186397132 40.03242439886783))",13000,2
224,"POLYGON ((-83.00485236068567 40.02974985841978, -83.00480236068567 40.02984985841978, -83.00470236068567 40.02984985841978, -83.00465236068567 40.02974985841978, -83.00470236068567 40.02964985841977, -83.00480236068567 40.02964985841977, -83.00485236068567 40.02974985841978))",19000,1
225,"POLYGON ((-83.00047769415819 40.029764534077, -83.00042769415819 40.02986453407701, -83.00032769415819 40.02986453407701, -83.00027769415819 40.029764534077, -83.00032769415819 40.029664534077, -83.00042769415819 40.029664534077, -83.00047769415819 40.029764534077))",12000,1
226,"POLYGON ((-82.98087025886059 40.03771679349163, -82.98082025886059 40.037816793491636, -82.98072025886059 40.037816793491636, -82.98067025886058 40.03771679349163, -82.98072025886059 40.03761679349163, -82.98082025886059 40.03761679349163, -82.98087025886059 40.03771679349163))",36000,1
227,"POLYGON ((-82.97925881450028 40.03671213211327, -82.97920881450028 40.036812132113276, -82.97910881450028 40.036812132113276, -82.97905881450028 40.03671213211327, -82.97910881450028 40.03661213211327, -82.97920881450028 40.03661213211327, -82.97925881450028 40.03671213211327))",11000,2
228,"POLYGON ((-82.9944051461025 40.03652304283011, -82.99435514610249 40.036623042830115, -82.99425514610249 40.036623042830115, -82.99420514610249 40.03652304283011, -82.99425514610249 40.03642304283011, -82.99435514610249 40.03642304283011, -82.9944051461025 40.03652304283011))",37000,1
229,"POLYGON ((-82.97756859437465 40.04404898331594, -82.97751859437464 40.04414898331594, -82.97741859437464 40.04414898331594, -82.97736859437464 40.04404898331594, -82.97741859437464 40.043948983315936, -82.97751859437464 40.043948983315936, -82.97756859437465 40.04404898331594))",4000,2
230,"POLYGON ((-82.98908019897229 40.028591821411936, -82.98903019897229 40.02869182141194, -82.98893019897228 40.02869182141194, -82.98888019897228 40.028591821411936, -82.98893019897228 40.02849182141193, -82.98903019897229 40.02849182141193, -82.98908019897229 40.028591821411936))",8000,1
231,"POLYGON ((-82.98706140242736 40.03896257185945, -82.98701140242736 40.03906257185945, -82.98691140242735 40.03906257185945, -82.98686140242735 40.03896257185945, -82.98691140242735 40.03886257185945, -82.98701140242736 40.03886257185945, -82.98706140242736 40.03896257185945))",22000,1
232,"POLYGON ((-83.0051097021206 40.03177577766351, -83.0050597021206 40.031875777663515, -83.0049597021206 40.031875777663515, -83.0049097021206 40.03177577766351, -83.0049597021206 40.03167577766351, -83.0050597021206 40.03167577766351, -83.0051097021206 40.03177577766351))",80000,1
233,"POLYGON ((-83.00380813320429 40.035111188280965, -83.00375813320429 40.03521118828097, -83.00365813320428 40.03521118828097, -83.00360813320428 40.035111188280965, -83.00365813320428 40.03501118828096, -83.00375813320429 40.03501118828096, -83.00380813320429 40.035111188280965))",40000,1
234,"POLYGON ((-82.98828525943935 40.03658823368416, -82.98823525943935 40.03668823368416, -82.98813525943935 40.03668823368416, -82.98808525943934 40.03658823368416, -82.98813525943935 40.03648823368415, -82.98823525943935 40.03648823368415, -82.98828525943935 40.03658823368416))",9000,1
235,"POLYGON ((-82.99480272815632 40.030926539830645, -82.99475272815631 40.03102653983065, -82.99465272815631 40.03102653983065, -82.99460272815631 40.030926539830645, -82.99465272815631 40.03082653983064, -82.99475272815631 40.03082653983064, -82.99480272815632 40.030926539830645))",16000,1
236,"POLYGON ((-83.00254974695873 40.03983539834152, -83.00249974695873 40.03993539834153, -83.00239974695873 40.03993539834153, -83.00234974695873 40.03983539834152, -83.00239974695873 40.03973539834152, -83.00249974695873 40.03973539834152, -83.00254974695873 40.03983539834152))",42000,2
237,"POLYGON ((-82.98887468459488 40.025795659312834, -82.98882468459487 40.02589565931284, -82.98872468459487 40.02589565931284, -82.98867468459487 40.025795659312834, -82.98872468459487 40.02569565931283, -82.98882468459487 40.02569565931283, -82.98887468459488 40.025795659312834))",13000,2
238,"POLYGON ((-82.98432949071982 40.025479172252034, -82.98427949071981 40.02557917225204, -82.98417949071981 40.02557917225204, -82.98412949071981 40.025479172252034, -82.98417949071981 40.02537917225203, -82.98427949071981 40.02537917225203, -82.98432949071982 40.025479172252034))",29000,2
239,"POLYGON ((-82.97723874415749 40.037151736523136, -82.97718874415749 40.03725173652314, -82.97708874415748 40.03725173652314, -82.97703874415748 40.037151736523136, -82.97708874415748 40.03705173652313, -82.97718874415749 40.03705173652313, -82.97723874415749 40.037151736523136))",8000,2
